candidate,size,start,pieces,solutionCount,complete,searchNodes,firstSolutionNodes,initialPlacements,solvableInitialPlacements,randomSuccesses,randomTrials
1,5,0:1,F5 L4 W5,5,true,143,16,23,4,7,120
2,5,1:1,Y5 L5 I5,0,true,84,,42,0,,
3,5,0:0,L4 L5 P5 V5,0,true,177,,21,0,,
4,6,3:3,U5 O4 F5 I5,0,true,488,,68,0,,
5,6,1:1,T5 Y5 V5 L5,7,true,1779,13,57,8,0,120
6,6,1:1,W5 I5 T4 X5 N5,0,true,469,,49,0,,
7,7,3:3,L5 X5 P5 T5 U5,151,false,5433,253,125,33,12,120
8,7,1:1,O4 N5 F5 I4 W5 T4,151,false,32523,1787,72,8,2,120
9,5,0:0,X5 Z5 S4,0,true,6,,4,0,,
10,5,2:2,Z5 L5 F5,0,true,76,,76,0,,
11,5,0:0,V5 T4 L3 Z5,0,true,79,,10,0,,
12,6,1:1,V5 I4 X5 T5,0,true,255,,24,0,,
13,6,0:1,Z5 T5 X5 L5,0,true,305,,20,0,,
14,6,3:3,W5 L4 X5 U5 I4,0,true,481,,83,0,,
15,7,1:1,V5 U5 L5 X5 Y5,151,false,3870,11,62,5,4,120
16,7,0:0,W5 Z5 T5 U5 L4 I4,19,false,40000,169,18,12,0,120
17,5,1:1,U5 F5 P5,4,true,266,49,62,6,1,120
18,5,0:1,F5 U5 L5,18,true,192,3,26,10,14,120
19,5,0:1,Y5 L4 2 L3,151,false,1371,16,29,14,11,120
20,6,1:1,Z5 F5 O4 T4,151,false,1967,12,48,25,20,120
21,6,0:1,U5 P5 T5 V5,151,false,1734,4,29,19,6,120
22,6,3:3,F5 L4 V5 T5 Z5,0,true,1458,,132,0,,
23,7,0:0,I5 Y5 P5 U5 F5,151,false,1302,49,18,1,11,120
24,7,0:1,N5 I5 O4 L4 V5 I4,14,true,20251,4859,33,7,0,120
25,5,0:1,N5 I3 I5,0,true,38,,14,0,,
26,5,2:2,X5 L5 Z5,0,true,41,,41,0,,
27,5,0:1,S4 1 F5 N5,6,true,650,17,23,6,3,120
28,6,3:3,O4 P5 Y5 F5,151,false,1723,304,116,24,7,120
29,6,0:1,Z5 N5 I5 U5,17,true,649,67,23,8,6,120
30,6,3:3,U5 L4 V5 S4 I4,0,true,1882,,94,0,,
31,7,0:0,X5 T5 Z5 L5 W5,151,false,4146,5,12,5,12,120
32,7,0:1,Y5 L5 I5 V5 T4 W5,53,true,32977,101,37,11,1,120
33,5,0:1,O4 T4 Z5,11,true,66,5,11,6,31,120
34,5,1:1,F5 Z5 X5,0,true,45,,35,0,,
35,5,2:2,U5 W5 Z5 2,0,true,72,,64,0,,
36,6,3:3,I5 X5 N5 I4,0,true,131,,47,0,,
37,6,3:3,I5 V5 P5 Y5,13,true,1002,70,96,6,1,120
38,6,0:0,N5 L5 I5 F5 Z5,0,true,504,,16,0,,
39,7,0:1,X5 Z5 T5 N5 F5,151,false,4584,87,26,2,2,120
40,7,0:0,L5 L4 F5 V5 W5 X5,39,true,27414,401,19,13,0,120
41,5,1:1,S4 N5 I3,33,true,364,3,36,22,53,120
42,5,2:2,Y5 U5 W5,0,true,96,,64,0,,
43,5,1:1,2 O4 S4 L4,19,true,488,21,40,15,5,120
44,6,0:0,T4 Z5 T5 S4,151,false,1169,14,8,5,32,120
45,6,0:0,I5 U5 V5 X5,0,true,131,,9,0,,
46,6,1:1,F5 L4 U5 I5 Z5,0,true,1216,,68,0,,
47,7,0:0,X5 N5 Z5 I5 U5,45,true,2762,45,12,12,0,120
48,7,1:1,W5 Y5 I5 L4 O4 V5,27,true,26709,56,65,12,0,120
49,5,0:0,F5 S4 X5,0,true,8,,4,0,,
50,5,1:1,I5 P5 X5,0,true,53,,33,0,,
51,5,0:1,X5 2 S4 F5,0,true,58,,17,0,,
52,6,3:3,L4 T5 X5 V5,14,true,408,42,77,19,1,120
53,6,0:0,N5 P5 Y5 L5,151,false,2931,23,20,11,18,120
54,6,0:1,N5 F5 Y5 W5 T5,0,true,2005,,34,0,,
55,7,0:0,Y5 I5 F5 N5 W5,151,false,611,5,14,1,9,120
56,7,1:1,W5 U5 T4 I4 P5 L5,57,false,40000,515,86,9,0,120
57,5,0:1,U5 T5 L3,44,true,156,5,17,11,26,120
58,5,0:0,L5 Z5 W5,0,true,52,,10,0,,
59,5,0:1,P5 I3 W5 X5,0,true,52,,21,0,,
60,6,0:0,I4 Y5 S4 I5,14,true,526,152,10,4,12,120
61,6,0:1,P5 X5 Y5 Z5,13,true,639,32,27,7,0,120
62,6,3:3,U5 S4 X5 T5 W5,0,true,431,,81,0,,
63,7,0:1,Y5 P5 W5 U5 Z5,151,false,1207,5,37,1,9,120
64,7,3:3,V5 Y5 N5 F5 Z5 L4,1,false,40000,13770,192,8,0,120
65,5,2:2,P5 L4 S4,10,true,384,3,88,24,21,120
66,5,0:0,Y5 P5 X5,0,true,28,,10,0,,
67,5,2:2,L3 L5 I5 T4,0,true,94,,46,0,,
68,6,3:3,X5 L4 N5 V5,45,true,627,46,89,20,2,120
69,6,3:3,W5 T5 I5 V5,0,true,512,,64,0,,
70,6,1:1,I5 X5 N5 S4 W5,0,true,475,,49,0,,
71,7,0:0,W5 I5 P5 V5 F5,151,false,2882,21,15,3,21,120
72,7,0:1,V5 F5 I5 T4 Z5 N5,0,true,19051,,34,0,,
73,5,1:1,L4 Y5 U5,30,true,370,15,52,14,10,120
74,5,0:1,W5 I5 P5,0,true,57,,19,0,,
75,5,2:2,1 L4 S4 P5,7,true,505,5,89,9,3,120
76,6,0:0,Y5 V5 N5 T5,14,true,1103,50,13,9,2,120
77,6,0:0,T5 F5 N5 P5,69,true,2302,11,14,8,5,120
78,6,0:1,Z5 I5 I4 F5 O4,0,true,460,,20,0,,
79,7,1:1,L5 Z5 T5 X5 Y5,151,false,5835,5,63,14,2,120
80,7,0:0,V5 U5 I5 T5 Y5 S4,0,true,13535,,17,0,,
81,5,2:2,W5 2 P5,27,true,536,3,64,52,66,120
82,5,0:1,V5 F5 T5,0,true,43,,17,0,,
83,5,0:1,I5 Y5 T5 L4,0,true,67,,26,0,,
84,6,0:0,T5 X5 S4 P5,44,true,596,4,10,8,8,120
85,6,0:1,N5 Y5 F5 X5,0,true,810,,27,0,,
86,6,0:0,L4 L5 U5 Z5 Y5,0,true,3196,,22,0,,
87,7,0:0,N5 F5 T5 U5 V5,151,false,3388,120,15,2,9,120
88,7,3:3,L4 S4 N5 L5 X5 P5,107,false,40000,1007,173,27,0,120
89,5,0:1,I3 I5 L4,0,true,51,,16,0,,
90,5,0:0,P5 W5 L5,15,true,136,8,14,10,16,120
91,5,0:1,2 I3 I4 N5,0,true,208,,18,0,,
92,6,1:1,P5 I4 U5 I5,0,true,740,,48,0,,
93,6,1:1,Y5 T5 F5 N5,15,true,3978,12,72,12,0,120
94,6,3:3,U5 O4 Y5 T4 I4,6,true,1492,551,78,6,0,120
95,7,3:3,Y5 N5 X5 F5 L5,151,false,720,93,165,5,7,120
96,7,0:1,T4 T5 L5 U5 S4 O4,151,false,23560,389,34,5,1,120
97,5,1:1,W5 T5 X5,0,true,33,,23,0,,
98,5,2:2,L5 T5 Y5,1,true,108,19,60,4,5,120
99,5,2:2,V5 X5 2 I3,0,true,51,,35,0,,
100,6,0:0,I4 S4 T5 Y5,84,true,1428,15,10,10,18,120
101,6,1:1,N5 T5 Z5 P5,40,true,3160,48,68,22,5,120
102,6,0:1,O4 L5 T4 F5 L4,32,true,6051,29,37,10,1,120
103,7,1:1,W5 Y5 L5 N5 X5,151,false,827,5,73,1,3,120
104,7,0:1,X5 L4 U5 I4 V5 T4,151,false,11697,38,32,7,1,120
105,5,2:2,Z5 W5 Y5,0,true,80,,64,0,,
106,5,2:2,Z5 X5 I5,0,true,27,,27,0,,
107,5,2:2,U5 V5 W5 F5,0,true,124,,100,0,,
108,6,1:1,I5 L5 S4 O4,9,true,824,102,40,9,4,120
109,6,0:1,P5 U5 I5 Y5,28,true,1370,291,32,8,0,120
110,6,3:3,Z5 T5 N5 S4 P5,0,true,1568,,128,0,,
111,7,1:1,N5 L5 I5 Z5 T5,151,false,13193,7,64,27,0,120
112,7,0:1,S4 T5 U5 N5 T4 Z5,23,false,40000,2708,34,5,0,120
113,5,0:0,L4 V5 X5,0,true,26,,9,0,,
114,5,1:1,L5 T5 V5,0,true,79,,37,0,,
115,5,0:0,I5 L4 O4 L5,0,true,49,,15,0,,
116,6,0:0,T4 L5 Y5 S4,151,false,633,5,14,1,46,120
117,6,0:0,Z5 W5 T5 P5,145,true,1340,7,12,12,14,120
118,6,0:0,T4 L5 O4 T5 S4,0,true,1559,,13,0,,
119,7,3:3,W5 X5 I5 U5 T5,25,true,2583,12,71,24,4,120
120,7,1:1,F5 U5 I5 S4 V5 T5,0,true,23495,,67,0,,
121,5,1:1,P5 T5 I4,4,true,136,4,42,6,4,120
122,5,1:1,W5 L5 U5,0,true,118,,42,0,,
123,5,1:1,L3 X5 S4 I3,2,true,117,52,31,3,2,120
124,6,0:0,I4 O4 W5 S4,76,true,975,6,7,7,45,120
125,6,3:3,X5 V5 U5 T5,3,true,302,154,65,2,0,120
126,6,3:3,I4 P5 X5 L5 F5,0,true,583,,119,0,,
127,7,1:1,P5 T5 W5 N5 L5,151,false,1019,6,88,1,15,120
128,7,1:1,U5 O4 Y5 V5 X5 F5,6,true,31919,861,68,5,0,120
129,5,1:1,P5 I5 1,0,true,93,,31,0,,
130,5,1:1,I5 U5 F5,0,true,74,,36,0,,
131,5,0:0,1 2 X5 L5,20,true,137,5,9,7,17,120
132,6,3:3,W5 I5 T4 T5,14,true,602,31,60,10,2,120
133,6,3:3,L5 T5 P5 V5,6,true,1278,17,108,8,0,120
134,6,0:0,U5 W5 N5 T5 Y5,0,true,1392,,16,0,,
135,7,1:1,I5 N5 X5 V5 U5,80,true,5394,54,46,31,3,120
136,7,0:1,I5 U5 T5 S4 I4 F5,0,true,18521,,30,0,,
137,5,2:2,I3 1 W5,17,true,791,4,27,24,87,120
138,5,2:2,P5 L5 N5,0,true,168,,80,0,,
139,5,2:2,1 F5 S4 L3,44,true,933,5,69,32,25,120
140,6,0:0,Y5 W5 U5 T5,45,true,1228,7,12,12,3,120
141,6,0:0,P5 Y5 U5 F5,151,false,3428,24,16,12,6,120
142,6,1:1,W5 F5 I5 V5 T5,0,true,783,,53,0,,
143,7,3:3,W5 F5 U5 N5 Y5,151,false,2948,32,160,2,12,120
144,7,3:3,L4 T5 I5 F5 W5 I4,2,true,17046,8007,126,8,0,120
145,5,0:1,I4 T5 F5,0,true,58,,15,0,,
146,5,1:1,W5 N5 I5,0,true,70,,32,0,,
147,5,0:1,P5 Z5 L5 Y5,0,true,192,,37,0,,
148,6,0:0,O4 N5 V5 S4,54,true,1180,15,10,6,17,120
149,6,1:1,W5 Z5 N5 L5,5,true,2278,61,60,6,0,120
150,6,0:1,O4 V5 S4 T5 Z5,0,true,1348,,20,0,,
151,7,3:3,W5 T5 L5 Y5 U5,151,false,1761,16,140,2,14,120
152,7,0:0,Y5 W5 O4 F5 I4 V5,42,true,33557,1312,14,10,0,120
153,5,2:2,U5 Y5 2,9,true,220,4,48,16,23,120
154,5,1:1,Y5 Z5 F5,0,true,118,,52,0,,
155,5,0:0,N5 Z5 S4 W5,0,true,32,,10,0,,
156,6,0:1,O4 L5 T4 L4,151,false,911,5,29,1,27,120
157,6,3:3,W5 N5 Y5 F5,40,true,2800,96,124,20,3,120
158,6,0:1,L4 W5 O4 L5 S4,20,true,3709,121,33,9,0,120
159,7,1:1,N5 T5 P5 F5 W5,151,false,332,5,90,1,5,120
160,7,1:1,V5 P5 Z5 O4 F5 I4,2,false,40000,16732,75,3,0,120
161,5,1:1,L3 U5 1,151,false,1163,3,25,17,115,120
162,5,2:2,Z5 U5 V5,0,true,68,,60,0,,
163,5,2:2,V5 N5 L5 T5,0,true,96,,80,0,,
164,6,1:1,W5 F5 T4 L5,151,false,2086,9,64,14,7,120
165,6,3:3,T5 I5 F5 X5,0,true,261,,69,0,,
166,6,0:1,Y5 F5 I4 T4 L5,0,true,3845,,36,0,,
167,7,3:3,I5 F5 W5 V5 N5,151,false,11001,28,126,71,6,120
168,7,0:0,L5 L4 U5 P5 S4 V5,151,false,9408,510,27,1,0,120
169,5,0:1,L5 T5 V5,0,true,87,,20,0,,
170,5,0:1,T5 I5 F5,0,true,25,,14,0,,
171,5,0:0,1 F5 L5 L3,76,true,1231,50,12,12,29,120
172,6,0:1,O4 F5 U5 I5,0,true,496,,20,0,,
173,6,3:3,P5 L5 N5 U5,74,true,3568,49,120,44,0,120
174,6,0:0,U5 S4 Y5 T4 P5,0,true,8222,,18,0,,
175,7,1:1,X5 U5 I5 P5 Y5,151,false,2608,8,67,2,3,120
176,7,3:3,O4 I4 U5 N5 W5 P5,18,false,40000,557,132,38,0,120
177,5,0:1,F5 2 P5,151,false,367,4,24,10,90,120
178,5,0:1,N5 W5 V5,0,true,86,,18,0,,
179,5,2:2,L4 O4 N5 Y5,0,true,188,,84,0,,
180,6,1:1,I5 T4 P5 U5,15,true,1794,751,56,10,4,120
181,6,0:0,T5 X5 V5 Y5,0,true,227,,9,0,,
182,6,1:1,U5 X5 N5 T4 Z5,0,true,891,,57,0,,
183,7,3:3,Y5 W5 U5 T5 N5,151,false,1036,27,140,4,9,120
184,7,3:3,I4 T4 L4 O4 X5 V5,151,false,13872,171,85,49,1,120
185,5,0:0,Z5 L3 U5,7,true,79,3,9,9,20,120
186,5,0:1,Z5 Y5 P5,18,true,142,8,26,11,13,120
187,5,2:2,I4 L5 Z5 F5,0,true,80,,80,0,,
188,6,0:1,I5 X5 T4 L4,29,true,492,18,20,11,3,120
189,6,0:1,Y5 U5 T5 L5,33,true,2793,88,31,14,3,120
190,6,3:3,T5 U5 S4 I5 F5,0,true,866,,100,0,,
191,7,0:1,U5 W5 T5 V5 P5,151,false,2835,36,33,1,10,120
192,7,0:1,Y5 Z5 L5 I4 N5 I5,0,true,21843,,39,0,,
193,5,2:2,2 Z5 F5,0,true,64,,64,0,,
194,5,0:0,N5 Z5 W5,0,true,22,,8,0,,
195,5,0:0,N5 S4 Z5 1,0,true,91,,9,0,,
196,6,1:1,L5 Y5 N5 W5,58,true,4572,193,70,29,1,120
197,6,0:0,F5 I5 L5 X5,2,true,160,29,10,4,5,120
198,6,0:1,N5 I5 O4 V5 L5,0,true,700,,30,0,,
199,7,0:1,T5 W5 U5 Y5 P5,151,false,1723,28,37,1,12,120
200,7,0:1,X5 F5 I5 Y5 U5 L4,50,true,14096,706,39,14,0,120
201,5,0:1,L4 N5 U5,38,true,289,3,27,11,9,120
202,5,0:0,L5 F5 P5,9,true,186,18,14,8,13,120
203,5,2:2,N5 W5 P5 S4,0,true,212,,100,0,,
204,6,3:3,Z5 W5 S4 T4,151,false,478,6,72,7,18,120
205,6,3:3,F5 U5 N5 Z5,12,true,1532,75,112,8,0,120
206,6,3:3,W5 U5 V5 T5 O4,0,true,907,,84,0,,
207,7,1:1,Z5 I5 L5 Y5 T5,151,false,7033,91,64,13,4,120
208,7,0:0,X5 W5 F5 U5 P5 I4,2,true,21324,8706,16,2,0,120
209,5,2:2,I5 T5 I3,0,true,32,,28,0,,
210,5,2:2,Y5 N5 V5,0,true,116,,68,0,,
211,5,0:0,V5 2 I3 L3,22,true,481,5,10,8,17,120
212,6,0:1,W5 I5 N5 P5,5,true,1003,50,29,5,0,120
213,6,0:1,P5 W5 Y5 F5,151,false,1969,20,34,11,2,120
214,6,0:0,I5 Z5 F5 T5 T4,0,true,408,,10,0,,
215,7,1:1,Z5 L5 T5 W5 V5,151,false,4763,79,57,4,3,120
216,7,1:1,V5 T5 P5 Z5 Y5 F5,0,false,40000,,97,0,,
217,5,0:0,N5 L4 Y5,16,true,234,42,14,10,13,120
218,5,0:1,N5 P5 Y5,50,true,383,14,31,16,11,120
219,5,1:1,I4 L5 2 P5,0,true,322,,56,0,,
220,6,3:3,Z5 Y5 U5 S4,75,true,1778,6,88,24,3,120
221,6,0:1,U5 Y5 Z5 I5,21,true,665,80,23,9,1,120
222,6,3:3,L5 T4 S4 L4 I4,67,true,6754,14,98,42,1,120
223,7,3:3,T5 P5 N5 W5 U5,151,false,988,64,140,2,13,120
224,7,1:1,W5 P5 L5 L4 F5 T4,151,false,1565,71,112,1,0,120
225,5,0:1,I4 Y5 Z5,15,true,99,5,16,8,32,120
226,5,0:1,I5 W5 L5,0,true,37,,17,0,,
227,5,2:2,X5 F5 1 T4,0,true,62,,62,0,,
228,6,0:0,O4 X5 V5 Z5,6,true,160,16,6,4,4,120
229,6,0:0,V5 L5 Z5 P5,16,true,1385,31,17,13,3,120
230,6,3:3,N5 I5 X5 S4 T5,0,true,257,,77,0,,
231,7,0:0,L5 Z5 F5 P5 N5,151,false,893,13,20,1,16,120
232,7,0:1,I4 O4 T4 X5 Y5 V5,151,false,9830,103,25,10,1,120
233,5,2:2,T5 Z5 I3,0,true,46,,46,0,,
234,5,0:1,W5 L5 P5,32,true,200,3,28,11,14,120
235,5,0:0,L3 L5 I3 2,52,true,819,9,13,11,28,120
236,6,3:3,Z5 T4 U5 S4,151,false,1582,5,72,19,13,120
237,6,0:0,X5 Z5 T5 U5,3,true,186,10,8,6,7,120
238,6,0:1,W5 S4 L4 F5 U5,0,true,6394,,35,0,,
239,7,0:1,I5 F5 L5 V5 U5,151,false,5138,123,34,3,0,120
240,7,0:0,F5 O4 I5 X5 T5 T4,6,true,3564,389,9,3,0,120
241,5,0:0,O4 W5 U5,0,true,38,,7,0,,
242,5,2:2,L5 I5 P5,0,true,122,,58,0,,
243,5,2:2,L3 P5 X5 W5,0,true,85,,77,0,,
244,6,0:1,Y5 O4 N5 X5,22,true,541,93,21,8,4,120
245,6,1:1,X5 I5 F5 N5,0,true,397,,49,0,,
246,6,3:3,L4 U5 I4 S4 X5,0,true,585,,79,0,,
247,7,1:1,Y5 Z5 N5 L5 F5,151,false,962,5,92,1,7,120
248,7,3:3,S4 F5 Z5 L4 T4 L5,151,false,6691,63,164,2,1,120
249,5,2:2,L5 L3 I3,16,true,338,3,34,34,107,120
250,5,1:1,P5 Y5 V5,13,true,195,6,55,10,14,120
251,5,0:1,L4 Y5 O4 U5,0,true,205,,29,0,,
252,6,0:0,U5 V5 S4 I4,39,true,1113,25,11,11,15,120
253,6,0:1,Y5 N5 I5 U5,13,true,988,36,28,7,4,120
254,6,0:1,W5 Y5 L5 S4 T5,0,true,2391,,33,0,,
255,7,0:0,Z5 U5 V5 L5 X5,151,false,5667,6,15,8,5,120
256,7,0:0,T5 Y5 X5 V5 P5 N5,6,true,20910,8528,19,7,0,120
257,5,1:1,V5 X5 L3,8,true,67,5,22,9,14,120
258,5,2:2,T5 N5 U5,0,true,76,,64,0,,
259,5,0:1,L3 S4 X5 I5,0,true,40,,14,0,,
260,6,1:1,I5 W5 O4 F5,0,true,626,,40,0,,
261,6,1:1,N5 I5 L5 Y5,15,true,1138,21,64,12,1,120
262,6,1:1,I4 I5 N5 L5 V5,0,true,613,,55,0,,
263,7,0:1,I5 Y5 L5 P5 U5,151,false,3209,173,43,2,11,120
264,7,1:1,I5 F5 S4 X5 O4 V5,8,true,8397,1363,52,5,0,120
265,5,0:0,F5 L3 S4,62,true,259,3,7,7,87,120
266,5,1:1,T5 F5 W5,0,true,86,,42,0,,
267,5,0:0,S4 O4 T5 I3,0,true,65,,7,0,,
268,6,1:1,X5 T5 U5 N5,6,true,653,121,45,8,0,120
269,6,3:3,L5 Z5 I5 X5,0,true,159,,57,0,,
270,6,3:3,I5 V5 O4 Z5 S4,0,true,522,,64,0,,
271,7,0:0,F5 L5 U5 T5 P5,151,false,984,7,20,1,24,120
272,7,3:3,P5 F5 O4 L4 I4 Y5,151,false,2120,400,164,3,4,120
273,5,0:1,Z5 U5 S4,4,true,73,12,16,4,10,120
274,5,0:0,Y5 Z5 U5,0,true,56,,10,0,,
275,5,0:1,F5 L4 W5 Y5,0,true,185,,32,0,,
276,6,0:0,O4 P5 F5 Z5,151,false,1499,10,11,8,17,120
277,6,0:0,V5 Y5 U5 P5,78,true,3125,8,17,17,8,120
278,6,3:3,T4 F5 P5 U5 X5,0,true,955,,121,0,,
279,7,0:1,I5 U5 F5 N5 Z5,151,false,3366,392,31,2,5,120
280,7,0:0,T4 N5 W5 X5 Y5 T5,20,true,20238,509,14,12,0,120
281,5,2:2,T4 L3 U5,7,true,164,52,48,16,22,120
282,5,1:1,L5 I5 T5,0,true,60,,32,0,,
283,5,2:2,U5 X5 N5 2,0,true,57,,53,0,,
284,6,3:3,F5 I5 P5 X5,0,true,345,,89,0,,
285,6,3:3,I5 Y5 F5 W5,4,true,926,305,96,6,0,120
286,6,1:1,Z5 P5 I5 I4 Y5,0,true,898,,66,0,,
287,7,0:0,F5 Y5 T5 I5 P5,151,false,885,5,16,1,20,120
288,7,0:1,S4 W5 N5 U5 I5 I4,38,true,23601,967,31,9,0,120
289,5,2:2,W5 O4 P5,2,true,152,3,64,8,13,120
290,5,0:1,W5 F5 Z5,0,true,41,,16,0,,
291,5,0:1,W5 Y5 L3 O4,0,true,170,,21,0,,
292,6,3:3,I4 Y5 P5 L4,151,false,2332,4,110,28,21,120
293,6,1:1,X5 F5 W5 U5,29,true,823,7,47,14,4,120
294,6,1:1,O4 L5 Z5 I5 F5,0,true,836,,60,0,,
295,7,3:3,Z5 W5 I5 X5 F5,32,true,3571,79,91,44,4,120
296,7,0:1,P5 V5 U5 Y5 X5 T5,0,true,29314,,39,0,,
297,5,0:1,S4 U5 I5,0,true,43,,14,0,,
298,5,0:0,T5 I5 Y5,0,true,20,,8,0,,
299,5,0:0,I4 L4 I3 U5,0,true,172,,14,0,,
300,6,3:3,P5 W5 O4 L5,134,true,1979,23,92,41,8,120
301,6,3:3,Z5 Y5 N5 X5,0,true,353,,89,0,,
302,6,1:1,Z5 S4 I4 T4 V5,0,true,2125,,45,0,,
303,7,3:3,F5 W5 P5 I5 T5,151,false,5545,17,126,41,7,120
304,7,1:1,O4 W5 T4 U5 N5 I4,80,false,40000,221,62,12,0,120
305,5,2:2,S4 F5 I5,0,true,98,,58,0,,
306,5,2:2,P5 Z5 Y5,1,true,132,44,84,8,4,120
307,5,0:0,I5 L5 O4 T5,0,true,29,,11,0,,
308,6,0:0,T4 U5 N5 L4,151,false,1744,6,16,3,32,120
309,6,1:1,X5 T5 V5 U5,9,true,388,5,32,5,0,120
310,6,3:3,Z5 X5 P5 L5 I5,0,true,291,,97,0,,
311,7,3:3,I5 L5 T5 V5 Y5,64,true,12670,5,126,66,3,120
312,7,0:0,I4 T5 S4 N5 T4 U5,151,false,25218,333,16,3,0,120
313,5,0:1,T4 U5 L5,34,true,284,3,23,12,28,120
314,5,0:0,P5 X5 Z5,0,true,18,,8,0,,
315,5,0:1,U5 Z5 I4 T4,0,true,92,,19,0,,
316,6,1:1,X5 T4 P5 V5,151,false,1558,4,50,32,10,120
317,6,0:1,V5 X5 T5 P5,72,true,563,5,23,9,2,120
318,6,1:1,I5 N5 L5 T5 F5,0,true,1094,,76,0,,
319,7,3:3,W5 V5 F5 Y5 L5,151,false,1703,76,160,2,13,120
320,7,1:1,O4 P5 Z5 Y5 N5 F5,9,false,40000,2192,104,1,0,120
321,5,1:1,L3 S4 W5,115,true,487,3,34,30,51,120
322,5,0:1,T5 W5 L5,0,true,90,,19,0,,
323,5,0:0,I4 2 N5 T5,0,true,98,,10,0,,
324,6,3:3,X5 Z5 W5 O4,9,true,282,65,49,10,5,120
325,6,0:1,X5 V5 Z5 N5,6,true,297,5,19,4,4,120
326,6,1:1,N5 T5 I5 O4 U5,0,true,806,,50,0,,
327,7,0:1,Y5 X5 U5 F5 T5,151,false,542,71,29,1,6,120
328,7,0:0,I4 Z5 Y5 L5 X5 T4,65,true,18942,41,16,10,0,120
329,5,0:0,L5 L4 2,94,true,1198,6,14,14,101,120
330,5,2:2,L5 I5 U5,0,true,74,,38,0,,
331,5,0:0,U5 T5 O4 2,0,true,87,,9,0,,
332,6,0:0,N5 F5 L5 V5,20,true,1709,269,15,7,3,120
333,6,1:1,T5 L5 P5 I5,7,true,1120,14,62,10,0,120
334,6,0:0,Y5 Z5 S4 O4 P5,0,true,1997,,15,0,,
335,7,0:1,Y5 X5 N5 F5 W5,151,false,653,5,31,1,8,120
336,7,0:0,P5 Y5 O4 I5 V5 N5,26,true,21050,583,20,12,1,120
337,5,1:1,1 S4 2,151,false,1161,3,17,7,120,120
338,5,2:2,Y5 V5 F5,1,true,140,47,84,8,6,120
339,5,0:1,Z5 T5 X5 V5,0,true,23,,14,0,,
340,6,1:1,F5 Z5 V5 I4,2,true,1043,49,43,4,4,120
341,6,0:1,T5 W5 N5 X5,12,true,342,31,18,4,4,120
342,6,0:0,L4 U5 F5 L5 S4,0,true,5736,,20,0,,
343,7,0:1,N5 U5 W5 Z5 I5,151,false,4173,51,27,9,3,120
344,7,0:1,X5 P5 F5 S4 N5 I5,0,true,18381,,39,0,,
345,5,2:2,T4 P5 U5,0,true,128,,76,0,,
346,5,0:1,I5 T5 W5,0,true,18,,10,0,,
347,5,0:0,Z5 L4 T4 U5,0,true,96,,14,0,,
348,6,0:1,L5 L4 I5 P5,151,false,2460,4,38,15,4,120
349,6,3:3,I5 Y5 N5 W5,0,true,796,,88,0,,
350,6,0:0,I5 V5 S4 U5 Y5,0,true,621,,15,0,,
351,7,3:3,L5 W5 P5 Z5 N5,151,false,1012,52,160,4,14,120
352,7,0:0,T5 Y5 S4 T4 L4 I5,151,false,3787,58,18,1,1,120
353,5,0:1,F5 T4 N5,9,true,196,4,22,8,7,120
354,5,0:0,U5 P5 X5,0,true,26,,10,0,,
355,5,1:1,W5 L4 I4 Y5,0,true,168,,54,0,,
356,6,1:1,I4 L5 O4 F5,32,true,1952,13,50,23,6,120
357,6,3:3,N5 Y5 X5 U5,8,true,529,210,89,2,0,120
358,6,0:1,I5 S4 P5 X5 F5,0,true,463,,30,0,,
359,7,3:3,Y5 I5 P5 W5 T5,151,false,5822,19,126,40,6,120
360,7,0:1,I5 S4 T5 U5 L5 F5,0,true,31359,,38,0,,
361,5,0:0,W5 I4 L5,3,true,74,5,10,6,18,120
362,5,0:1,V5 T5 X5,0,true,18,,10,0,,
363,5,0:1,V5 I3 2 1,134,true,931,13,12,12,58,120
364,6,1:1,T4 Z5 T5 P5,151,false,1456,14,60,9,8,120
365,6,0:0,X5 I5 N5 U5,0,true,158,,10,0,,
366,6,3:3,W5 I4 T5 V5 S4,0,true,1126,,82,0,,
367,7,0:0,N5 Y5 Z5 W5 F5,151,false,1623,9,14,1,11,120
368,7,3:3,I4 V5 W5 U5 F5 I5,0,true,11506,,114,0,,
369,5,2:2,L5 L3 N5,5,true,180,19,52,24,32,120
370,5,0:0,X5 W5 Y5,0,true,14,,6,0,,
371,5,0:0,Y5 L3 T5 L5,0,true,183,,15,0,,
372,6,0:1,L4 S4 X5 I4,151,false,854,7,20,16,13,120
373,6,3:3,N5 Y5 F5 U5,49,true,3280,145,124,18,0,120
374,6,1:1,T4 V5 X5 Y5 W5,0,true,820,,52,0,,
375,7,3:3,X5 W5 U5 V5 N5,151,false,5076,19,105,6,5,120
376,7,0:0,Z5 L5 P5 L4 Y5 O4,151,false,19519,28,25,3,0,120
377,5,1:1,T4 X5 L4,10,true,91,3,35,5,5,120
378,5,0:0,T5 F5 W5,0,true,18,,6,0,,
379,5,0:1,L4 Z5 I5 F5,0,true,59,,25,0,,
380,6,0:1,L4 P5 V5 F5,151,false,893,7,37,2,16,120
381,6,0:0,F5 I5 T5 V5,0,true,315,,9,0,,
382,6,0:1,U5 F5 V5 Z5 I5,0,true,585,,27,0,,
383,7,0:1,W5 I5 P5 Y5 L5,151,false,732,11,40,1,9,120
384,7,0:0,I5 T5 O4 T4 W5 L5,21,true,15883,423,15,11,0,120
385,5,0:1,F5 X5 2,43,true,78,3,12,6,26,120
386,5,1:1,V5 P5 L5,8,true,179,21,55,8,7,120
387,5,0:1,O4 U5 N5 1,0,true,149,,19,0,,
388,6,3:3,W5 T5 V5 P5,87,true,1398,4,100,24,7,120
389,6,0:0,Z5 Y5 N5 I5,6,true,480,53,12,6,4,120
390,6,0:1,T5 W5 Z5 S4 U5,0,true,1466,,24,0,,
391,7,0:0,P5 Y5 I5 V5 U5,151,false,5824,131,19,7,10,120
392,7,1:1,L4 Z5 P5 L5 U5 I5,0,false,40000,,94,0,,
393,5,0:0,S4 L5 T5,10,true,96,3,10,8,25,120
394,5,0:0,L5 V5 I5,0,true,27,,11,0,,
395,5,0:1,O4 W5 N5 I4,0,true,102,,18,0,,
396,6,3:3,I5 P5 U5 W5,0,true,742,,84,0,,
397,6,3:3,W5 N5 L5 V5,13,true,1402,23,100,15,1,120
398,6,3:3,F5 Z5 V5 O4 N5,0,true,1097,,116,0,,
399,7,0:1,Z5 V5 I5 N5 L5,151,false,7263,28,32,11,0,120
400,7,0:1,O4 F5 S4 I4 U5 P5,151,false,7533,59,38,1,0,120
401,5,0:0,L4 N5 Z5,4,true,82,8,12,8,18,120
402,5,0:0,X5 N5 W5,0,true,8,,6,0,,
403,5,2:2,Y5 L5 I4 T5,0,true,112,,64,0,,
404,6,3:3,L5 S4 X5 U5,14,true,513,102,69,4,0,120
405,6,0:0,Z5 Y5 X5 V5,0,true,195,,9,0,,
406,6,0:1,V5 L5 I5 S4 X5,0,true,320,,25,0,,
407,7,0:0,T5 I5 Y5 P5 V5,151,false,2429,7,17,3,11,120
408,7,0:1,L4 Z5 Y5 I4 T5 L5,55,false,40000,945,42,10,0,120
409,5,0:1,N5 L5 T4,30,true,291,19,25,11,15,120
410,5,0:1,V5 P5 I5,0,true,57,,20,0,,
411,5,0:0,F5 I4 L5 Y5,0,true,104,,14,0,,
412,6,3:3,O4 L4 I4 T5,64,true,1216,64,62,31,12,120
413,6,0:0,L5 W5 V5 Z5,11,true,697,101,13,9,2,120
414,6,1:1,I5 O4 T4 W5 Z5,0,true,794,,40,0,,
415,7,3:3,Z5 X5 V5 L5 Y5,135,true,9153,163,125,56,5,120
416,7,1:1,I5 U5 T5 I4 Z5 O4,0,true,11922,,44,0,,
417,5,2:2,L3 T4 V5,22,true,324,3,48,28,47,120
418,5,0:0,V5 U5 N5,0,true,49,,11,0,,
419,5,0:0,X5 1 O4 Z5,0,true,15,,4,0,,
420,6,0:1,N5 X5 Y5 L5,30,true,950,18,30,7,0,120
421,6,3:3,W5 Z5 Y5 T5,17,true,902,32,92,14,1,120
422,6,0:0,I4 U5 Z5 W5 S4,0,true,878,,12,0,,
423,7,0:0,V5 T5 Z5 P5 X5,151,false,3289,318,13,4,5,120
424,7,3:3,U5 S4 V5 L5 N5 I4,3,false,40000,20952,144,14,0,120
425,5,0:0,X5 F5 L4,0,true,24,,8,0,,
426,5,2:2,U5 X5 I5,0,true,31,,27,0,,
427,5,0:0,I3 O4 Z5 I5,0,true,23,,7,0,,
428,6,1:1,L5 P5 Y5 T5,112,true,5474,75,78,38,1,120
429,6,1:1,F5 L5 P5 W5,151,false,5800,33,80,39,2,120
430,6,3:3,Z5 T5 P5 I5 I4,0,true,656,,90,0,,
431,7,3:3,W5 X5 F5 P5 T5,151,false,6549,5970,125,1,11,120
432,7,1:1,I5 F5 Z5 T5 O4 L4,4,true,26912,2528,70,5,0,120
433,5,1:1,L4 X5 L3,42,true,181,8,35,18,13,120
434,5,0:0,Y5 V5 U5,2,true,69,14,11,4,8,120
435,5,1:1,L4 Z5 S4 U5,0,true,186,,54,0,,
436,6,1:1,U5 Z5 F5 T4,151,false,2155,35,56,12,8,120
437,6,3:3,Y5 L5 Z5 T5,13,true,1020,274,100,10,2,120
438,6,3:3,Z5 X5 V5 N5 F5,0,true,476,,117,0,,
439,7,1:1,I5 P5 Z5 T5 Y5,151,false,4395,47,72,8,4,120
440,7,0:1,I5 U5 P5 L5 Z5 Y5,0,true,38043,,47,0,,
441,5,0:1,W5 Y5 U5,5,true,102,9,20,5,7,120
442,5,1:1,P5 F5 Y5,15,true,342,11,70,14,7,120
443,5,0:1,L4 N5 U5 L3,0,true,440,,33,0,,
444,6,0:0,I4 F5 V5 T4,102,true,1317,6,9,9,23,120
445,6,0:1,N5 T5 W5 U5,56,true,1455,18,24,15,6,120
446,6,0:0,I5 W5 U5 L5 I4,0,true,430,,16,0,,
447,7,0:0,N5 X5 I5 L5 W5,151,false,3411,55,14,8,6,120
448,7,1:1,T4 T5 I5 P5 N5 S4,60,false,40000,415,86,6,0,120
449,5,0:0,T4 P5 U5,41,true,260,5,12,12,50,120
450,5,2:2,W5 I5 T5,0,true,54,,42,0,,
451,5,1:1,V5 X5 U5 L3,0,true,65,,34,0,,
452,6,1:1,O4 V5 N5 T5,18,true,1525,20,41,15,3,120
453,6,3:3,Y5 P5 X5 U5,22,true,727,43,97,8,0,120
454,6,0:0,I4 O4 I5 Z5 L4,0,true,429,,13,0,,
455,7,1:1,Y5 L5 Z5 T5 V5,151,false,18840,162,67,14,3,120
456,7,0:1,S4 I5 L5 N5 F5 X5,0,true,13798,,37,0,,
457,5,0:0,Y5 L5 2,43,true,378,3,12,12,81,120
458,5,1:1,Y5 U5 L5,3,true,266,8,52,6,4,120
459,5,0:0,O4 L4 Z5 X5,0,true,26,,9,0,,
460,6,3:3,Y5 W5 L5 L4,151,false,1097,38,112,23,7,120
461,6,3:3,Z5 T5 I5 N5,0,true,502,,76,0,,
462,6,0:0,I4 T5 P5 Z5 N5,0,true,1100,,16,0,,
463,7,3:3,P5 F5 U5 L5 W5,151,false,755,21,160,2,26,120
464,7,0:0,F5 W5 O4 N5 I4 Y5,110,false,40000,597,15,11,0,120
465,5,0:0,V5 L5 T5,0,true,61,,11,0,,
466,5,0:0,T5 U5 X5,0,true,14,,6,0,,
467,5,1:1,Z5 I5 I4 W5,0,true,46,,26,0,,
468,6,3:3,O4 V5 Z5 I4,10,true,521,83,50,18,10,120
469,6,0:0,T5 F5 X5 W5,6,true,126,4,6,2,1,120
470,6,3:3,F5 U5 Z5 T5 Y5,0,true,1316,,132,0,,
471,7,1:1,X5 T5 Y5 Z5 P5,151,false,706,5,71,1,8,120
472,7,0:1,O4 I5 N5 Y5 S4 L4,151,false,8484,349,39,2,0,120
473,5,0:0,I5 Y5 P5,0,true,38,,12,0,,
474,5,0:0,T5 V5 F5,0,true,25,,7,0,,
475,5,2:2,W5 L3 F5 2,1,true,204,51,76,8,0,120
476,6,1:1,Z5 I4 O4 L5,17,true,1234,4,38,15,9,120
477,6,1:1,V5 W5 T5 Y5,32,true,1429,119,47,12,4,120
478,6,3:3,O4 I4 S4 T4 Z5,2,true,1092,666,62,4,0,120
479,7,0:1,X5 P5 U5 T5 W5,151,false,2172,18,29,1,6,120
480,7,1:1,W5 S4 T5 F5 O4 U5,28,false,40000,1898,70,5,0,120
481,5,0:1,I3 I4 2,12,true,335,53,9,5,57,120
482,5,1:1,V5 I5 F5,0,true,57,,31,0,,
483,5,0:0,T4 2 F5 I3,13,true,444,13,8,6,10,120
484,6,0:0,O4 Z5 T4 T5,80,true,955,27,7,7,43,120
485,6,0:1,W5 P5 Y5 T5,151,false,1904,27,30,18,3,120
486,6,3:3,T4 I4 L5 W5 L4,4,true,3078,230,102,6,0,120
487,7,1:1,L5 W5 F5 T5 U5,151,false,7373,250,74,5,7,120
488,7,0:1,L5 L4 X5 Z5 S4 I5,0,true,9901,,35,0,,
489,5,2:2,I4 2 I5,0,true,18,,10,0,,
490,5,1:1,U5 Z5 Y5,0,true,116,,42,0,,
491,5,2:2,X5 I5 I3 I4,0,true,21,,17,0,,
492,6,3:3,P5 V5 S4 W5,151,false,1701,10,96,20,18,120
493,6,0:0,T5 Y5 P5 I5,37,true,834,85,14,8,1,120
494,6,1:1,P5 V5 X5 L5 I5,0,true,507,,62,0,,
495,7,0:1,U5 N5 T5 W5 V5,151,false,5801,129,29,3,6,120
496,7,0:0,O4 Z5 I5 T4 I4 F5,54,true,11135,157,11,11,0,120
497,5,2:2,T4 Y5 I4,1,true,100,7,44,8,7,120
498,5,0:0,T5 W5 Y5,1,true,48,21,8,2,3,120
499,5,0:1,Z5 S4 L4 L3,0,true,240,,26,0,,
500,6,3:3,T5 O4 W5 L4,151,false,1031,15,76,32,18,120
501,6,0:0,P5 T5 Y5 X5,4,true,422,52,12,4,0,120
502,6,0:0,X5 I5 T5 U5 L5,0,true,224,,14,0,,
503,7,3:3,T5 U5 I5 P5 L5,151,false,11855,62,126,40,4,120
504,7,3:3,X5 U5 T4 T5 Z5 P5,0,true,14513,,121,0,,
505,5,1:1,I3 Z5 P5,12,true,190,30,42,10,13,120
506,5,2:2,I5 Z5 W5,0,true,58,,42,0,,
507,5,2:2,I5 O4 L3 T5,0,true,58,,38,0,,
508,6,1:1,L4 U5 V5 X5,60,true,816,4,42,23,5,120
509,6,0:0,U5 Z5 P5 X5,25,true,408,15,12,12,9,120
510,6,0:0,P5 I5 T5 Y5 X5,0,true,256,,14,0,,
511,7,0:1,V5 U5 W5 P5 Z5,151,false,3165,321,33,2,5,120
512,7,1:1,T4 I4 I5 Z5 Y5 X5,2,true,7493,4493,53,3,0,120
513,5,2:2,L3 2 P5,103,true,1992,3,56,56,117,120
514,5,1:1,F5 N5 Y5,0,true,246,,62,0,,
515,5,0:1,I4 Y5 O4 T5,0,true,106,,18,0,,
516,6,3:3,L4 O4 N5 F5,151,false,1293,5,108,30,19,120
517,6,1:1,W5 Z5 P5 Y5,132,true,3644,27,68,33,5,120
518,6,3:3,O4 I4 W5 L5 X5,0,true,305,,63,0,,
519,7,3:3,Y5 U5 N5 X5 V5,151,false,5626,59,125,47,10,120
520,7,3:3,Z5 T5 I5 T4 S4 X5,0,true,4491,,83,0,,
521,5,1:1,W5 N5 T5,0,true,110,,40,0,,
522,5,1:1,I5 L5 X5,0,true,33,,25,0,,
523,5,0:0,T5 O4 I3 X5,0,true,18,,5,0,,
524,6,0:0,W5 Z5 I4 N5,1,true,564,186,10,2,0,120
525,6,1:1,W5 T5 I5 L5,1,true,610,230,44,2,0,120
526,6,3:3,S4 Z5 I5 N5 U5,0,true,754,,92,0,,
527,7,0:0,W5 X5 U5 Y5 N5,151,false,3016,35,14,3,6,120
528,7,3:3,I4 Z5 W5 U5 L4 N5,9,false,40000,580,140,16,0,120
529,5,1:1,L4 T5 S4,23,true,218,6,42,12,11,120
530,5,1:1,F5 T5 I5,0,true,58,,34,0,,
531,5,2:2,S4 U5 1 I5,0,true,87,,39,0,,
532,6,1:1,T5 Z5 F5 U5,66,true,2090,17,54,18,5,120
533,6,1:1,U5 T5 N5 V5,12,true,1583,31,49,12,3,120
534,6,1:1,S4 T4 Y5 V5 L5,2,true,5501,483,71,4,0,120
535,7,0:0,T5 V5 U5 W5 Z5,151,false,17665,15,13,7,4,120
536,7,0:1,L4 V5 I4 L5 Y5 I5,6,true,28511,2011,42,5,0,120
537,5,0:1,X5 Z5 2,8,true,32,3,8,3,18,120
538,5,2:2,Y5 I5 W5,0,true,78,,46,0,,
539,5,0:0,L3 S4 2 O4,57,true,538,7,8,8,30,120
540,6,0:0,T4 L5 F5 Y5,151,false,1381,10,14,3,24,120
541,6,3:3,W5 P5 X5 Y5,25,true,685,14,97,22,3,120
542,6,0:1,P5 X5 T4 F5 T5,0,true,944,,31,0,,
543,7,1:1,F5 T5 L5 Z5 U5,151,false,2933,6,74,1,2,120
544,7,1:1,L4 O4 X5 N5 P5 S4,151,false,25230,512,87,15,0,120
545,5,0:0,Y5 F5 T5,0,true,56,,8,0,,
546,5,1:1,X5 I5 T5,0,true,19,,15,0,,
547,5,1:1,O4 T4 L5 Z5,0,true,146,,46,0,,
548,6,3:3,U5 V5 F5 L4,151,false,1425,23,112,23,5,120
549,6,1:1,F5 L5 U5 Y5,44,true,5752,212,74,26,1,120
550,6,0:1,T4 W5 X5 L4 L5,0,true,1170,,32,0,,
551,7,1:1,P5 F5 N5 Y5 L5,151,false,1189,14,110,1,13,120
552,7,3:3,O4 T5 U5 T4 W5 I5,0,true,12054,,86,0,,
553,5,0:1,L5 S4 O4,11,true,181,12,18,7,11,120
554,5,2:2,Y5 U5 X5,0,true,53,,49,0,,
555,5,2:2,V5 N5 I5 O4,0,true,82,,50,0,,
556,6,0:0,N5 T5 Y5 L5,36,true,2198,6,16,14,4,120
557,6,0:1,T5 V5 I5 Z5,0,true,368,,16,0,,
558,6,1:1,T4 V5 I5 U5 L5,0,true,881,,55,0,,
559,7,1:1,V5 T5 Z5 I5 W5,78,true,10235,42,41,24,2,120
560,7,1:1,O4 U5 Y5 F5 T4 Z5,63,false,40000,848,80,5,0,120
561,5,1:1,P5 Y5 N5,18,true,494,11,68,14,2,120
562,5,0:1,V5 Y5 T5,6,true,73,8,18,4,7,120
563,5,2:2,I3 W5 I5 I4,0,true,64,,32,0,,
564,6,0:0,L5 V5 N5 I4,6,true,1211,21,15,6,2,120
565,6,3:3,I5 V5 P5 F5,0,true,960,,104,0,,
566,6,1:1,P5 T5 L4 V5 O4,0,true,3957,,69,0,,
567,7,0:0,Y5 V5 T5 L5 W5,151,false,2467,108,17,1,15,120
568,7,0:0,W5 I4 F5 P5 T5 S4,43,false,40000,145,16,4,2,120
569,5,1:1,L4 O4 N5,17,true,258,3,44,11,14,120
570,5,1:1,U5 Y5 X5,2,true,55,43,35,1,1,120
571,5,0:1,L3 I3 2 I5,0,true,58,,14,0,,
572,6,0:1,L5 N5 Z5 I5,5,true,735,26,27,5,0,120
573,6,0:0,Z5 L5 W5 Y5,29,true,1212,180,14,12,2,120
574,6,0:0,I4 Z5 W5 O4 F5,0,true,617,,9,0,,
575,7,0:1,X5 Y5 F5 W5 I5,151,false,1081,125,25,2,1,120
576,7,1:1,S4 O4 T4 F5 I5 W5,151,false,18823,292,64,10,0,120
577,5,2:2,Y5 I3 T4,8,true,190,4,46,20,48,120
578,5,2:2,T5 F5 V5,0,true,80,,80,0,,
579,5,0:1,I5 P5 I3 2,0,true,77,,21,0,,
580,6,1:1,P5 I5 Y5 W5,4,true,1224,21,62,6,0,120
581,6,1:1,N5 L5 T5 U5,18,true,3088,4,62,24,3,120
582,6,1:1,V5 F5 T5 X5 N5,0,true,696,,62,0,,
583,7,0:0,Y5 V5 Z5 P5 U5,151,false,1824,66,19,1,19,120
584,7,0:0,O4 P5 W5 I4 S4 V5,134,false,40000,1245,16,13,0,120
585,5,1:1,I5 1 T5,0,true,29,,13,0,,
586,5,0:0,P5 U5 T5,5,true,84,16,12,6,22,120
587,5,1:1,I4 L3 S4 O4,0,true,239,,32,0,,
588,6,0:0,L5 N5 V5 S4,85,true,2411,22,15,13,14,120
589,6,1:1,T5 U5 F5 L5,11,true,3068,169,64,14,1,120
590,6,0:1,F5 I5 T5 N5 S4,0,true,902,,29,0,,
591,7,1:1,I5 T5 Z5 X5 F5,59,true,5229,311,49,23,1,120
592,7,0:0,X5 O4 V5 U5 F5 P5,6,true,19141,1466,16,6,0,120
593,5,0:1,I5 S4 2,0,true,36,,10,0,,
594,5,0:1,F5 I5 U5,0,true,42,,17,0,,
595,5,1:1,S4 V5 I3 N5,0,true,157,,43,0,,
596,6,0:0,Z5 V5 P5 S4,151,false,737,5,13,4,35,120
597,6,0:1,T5 X5 Y5 F5,0,true,459,,22,0,,
598,6,1:1,X5 T5 U5 T4 P5,0,true,1361,,65,0,,
599,7,3:3,V5 N5 I5 Y5 X5,68,true,6351,70,111,73,3,120
600,7,3:3,T4 Z5 V5 I4 S4 Y5,33,false,40000,201,120,37,0,120
601,5,0:0,T5 N5 L4,15,true,118,3,12,10,33,120
602,5,0:1,L5 W5 X5,0,true,37,,16,0,,
603,5,0:1,V5 L5 2 T4,0,true,226,,24,0,,
604,6,1:1,L5 P5 S4 X5,88,true,2171,339,63,25,2,120
605,6,1:1,T5 Z5 F5 I5,0,true,670,,46,0,,
606,6,1:1,L5 N5 I4 L4 O4,0,true,3174,,68,0,,
607,7,0:1,Z5 P5 F5 L5 N5,151,false,1781,129,45,1,14,120
608,7,0:1,T5 S4 N5 I4 L4 O4,151,false,5812,77,34,3,3,120
609,5,1:1,X5 I5 L4,0,true,39,,25,0,,
610,5,2:2,I5 F5 X5,0,true,47,,47,0,,
611,5,1:1,O4 1 I5 N5,0,true,71,,27,0,,
612,6,0:1,U5 L5 O4 T4,151,false,1932,11,25,14,16,120
613,6,0:0,Y5 N5 L5 U5,150,true,3976,45,18,18,8,120
614,6,0:0,I5 T4 P5 L5 I4,0,true,864,,18,0,,
615,7,0:0,I5 U5 L5 N5 Z5,151,false,7043,11,18,4,2,120
616,7,1:1,I4 T4 I5 S4 Y5 L4,151,false,8010,9,72,5,2,120
617,5,0:0,I3 T5 V5,0,true,51,,7,0,,
618,5,0:1,U5 X5 F5,0,true,32,,16,0,,
619,5,0:0,W5 F5 I5 T5,0,true,16,,8,0,,
620,6,1:1,P5 T5 T4 X5,91,true,1739,4,53,23,5,120
621,6,0:0,F5 N5 L5 Y5,132,true,3610,370,16,12,3,120
622,6,0:0,I5 V5 F5 O4 T5,0,true,318,,10,0,,
623,7,3:3,V5 F5 X5 T5 L5,151,false,5804,93,125,41,9,120
624,7,0:1,P5 X5 Y5 S4 U5 T4,151,false,3738,164,40,1,0,120
625,5,0:0,I5 O4 1,0,true,14,,4,0,,
626,5,0:0,X5 W5 L5,0,true,18,,8,0,,
627,5,0:1,X5 S4 O4 N5,0,true,41,,17,0,,
628,6,3:3,W5 U5 L5 T4,133,true,2376,5,84,36,4,120
629,6,0:1,I5 V5 Z5 U5,0,true,405,,19,0,,
630,6,0:1,W5 V5 N5 L4 F5,0,true,3000,,37,0,,
631,7,3:3,X5 N5 W5 L5 F5,151,false,590,6,145,1,9,120
632,7,0:0,S4 W5 T5 X5 U5 I4,7,true,11774,4086,12,6,0,120
633,5,2:2,V5 W5 2,9,true,276,7,44,28,36,120
634,5,2:2,I5 U5 Z5,0,true,50,,42,0,,
635,5,0:0,F5 S4 2 T5,0,true,112,,8,0,,
636,6,0:1,I5 T5 O4 N5,8,true,479,34,18,5,4,120
637,6,1:1,X5 Y5 F5 W5,7,true,887,17,55,12,1,120
638,6,0:0,S4 P5 L5 I4 Z5,0,true,1718,,18,0,,
639,7,0:0,P5 Y5 T5 W5 V5,151,false,1340,27,17,1,27,120
640,7,0:0,I5 F5 Y5 W5 O4 N5,9,true,21145,897,15,10,0,120
641,5,2:2,T4 T5 I5,0,true,58,,38,0,,
642,5,0:0,L5 X5 N5,0,true,22,,10,0,,
643,5,0:0,T4 N5 1 2,151,false,1089,5,9,7,85,120
644,6,0:0,T4 N5 I5 I4,8,true,482,76,10,6,9,120
645,6,0:1,I5 L5 U5 X5,0,true,279,,22,0,,
646,6,0:1,S4 O4 Z5 W5 I4,0,true,1191,,18,0,,
647,7,1:1,V5 I5 T5 Y5 N5,151,false,7117,72,61,15,0,120
648,7,1:1,O4 S4 L4 L5 V5 N5,151,false,20170,480,83,1,1,120
649,5,2:2,L3 Z5 O4,10,true,156,15,36,16,30,120
650,5,2:2,P5 V5 Z5,0,true,96,,80,0,,
651,5,0:0,N5 L3 U5 Y5,0,true,219,,15,0,,
652,6,1:1,O4 L4 I4 W5,118,true,2395,17,38,35,17,120
653,6,0:0,Y5 T5 I5 W5,7,true,432,36,10,8,4,120
654,6,1:1,T5 F5 Z5 P5 S4,0,true,4996,,82,0,,
655,7,0:0,X5 T5 N5 I5 Z5,45,true,2004,18,10,8,2,120
656,7,0:1,V5 I4 Y5 F5 X5 S4,151,false,22846,1510,31,14,0,120
657,5,1:1,L4 Y5 T4,95,true,674,5,52,36,31,120
658,5,2:2,U5 L5 P5,0,true,116,,76,0,,
659,5,2:2,P5 L3 F5 W5,0,true,160,,112,0,,
660,6,3:3,X5 T5 U5 L5,2,true,311,24,73,4,0,120
661,6,0:0,F5 Z5 Y5 P5,45,true,2310,24,14,12,3,120
662,6,0:0,X5 Z5 U5 I4 V5,0,true,227,,11,0,,
663,7,3:3,I5 T5 W5 F5 X5,57,true,3827,523,91,44,3,120
664,7,1:1,T5 Y5 N5 U5 F5 L5,1,false,40000,4933,104,2,0,120
665,5,1:1,V5 L4 Y5,10,true,161,5,47,6,2,120
666,5,2:2,X5 Z5 U5,0,true,45,,45,0,,
667,5,0:1,2 X5 I4 O4,0,true,39,,9,0,,
668,6,1:1,W5 L5 Z5 P5,56,true,3252,27,68,31,2,120
669,6,0:0,W5 L5 P5 U5,89,true,3020,14,18,16,8,120
670,6,0:0,F5 L5 T4 W5 P5,0,true,3872,,18,0,,
671,7,0:0,P5 Y5 V5 Z5 T5,151,false,2858,46,17,1,15,120
672,7,1:1,I4 F5 V5 X5 P5 S4,92,false,40000,2324,76,31,0,120
673,5,2:2,I5 S4 I3,0,true,60,,24,0,,
674,5,0:0,P5 V5 T5,0,true,57,,11,0,,
675,5,2:2,T4 V5 L5 1,5,true,209,8,53,17,6,120
676,6,3:3,Z5 U5 O4 S4,89,true,1160,4,60,23,14,120
677,6,0:0,Z5 Y5 W5 I5,0,true,368,,10,0,,
678,6,0:1,L5 S4 U5 X5 W5,0,true,737,,28,0,,
679,7,3:3,Y5 V5 N5 L5 P5,151,false,1329,29,180,2,8,120
680,7,3:3,I5 S4 U5 P5 T4 V5,35,true,35778,725,118,36,0,120
681,5,2:2,L4 U5 O4,0,true,88,,56,0,,
682,5,0:0,P5 U5 V5,0,true,73,,13,0,,
683,5,2:2,S4 Y5 V5 T5,0,true,96,,80,0,,
684,6,3:3,O4 S4 T4 X5,118,true,783,51,41,27,26,120
685,6,0:0,T5 P5 Y5 N5,103,true,2898,18,16,16,8,120
686,6,1:1,P5 I5 V5 X5 Z5,0,true,435,,52,0,,
687,7,0:1,U5 X5 N5 P5 Z5,151,false,1300,8,34,1,6,120
688,7,0:1,S4 V5 T5 I4 P5 N5,144,false,40000,905,39,9,1,120
689,5,1:1,I3 U5 P5,25,true,350,10,44,20,27,120
690,5,0:0,P5 U5 W5,0,true,72,,12,0,,
691,5,2:2,U5 I5 I4 L5,0,true,78,,42,0,,
692,6,1:1,O4 S4 V5 T5,107,true,2067,10,33,24,20,120
693,6,1:1,V5 L5 P5 F5,39,true,4585,1284,77,26,1,120
694,6,0:1,X5 I4 I5 W5 T4,0,true,259,,16,0,,
695,7,1:1,F5 P5 Z5 U5 V5,151,false,5808,7,79,3,1,120
696,7,1:1,L5 L4 T5 O4 F5 V5,2,false,40000,3440,83,3,0,120
697,5,2:2,T5 L5 T4,2,true,108,3,52,12,10,120
698,5,0:0,V5 X5 P5,0,true,22,,9,0,,
699,5,1:1,L5 L4 I3 V5,0,true,155,,51,0,,
700,6,1:1,U5 L5 Z5 T4,61,true,3604,40,54,34,5,120
701,6,1:1,L5 P5 W5 X5,28,true,1171,202,61,18,1,120
702,6,1:1,I5 L4 P5 T5 I4,0,true,1144,,66,0,,
703,7,0:1,V5 L5 W5 P5 U5,151,false,1427,33,40,1,12,120
704,7,1:1,Z5 P5 V5 Y5 W5 L4,5,false,40000,28170,95,2,0,120
705,5,0:1,2 L3 V5,151,false,555,3,14,10,106,120
706,5,1:1,P5 U5 I5,0,true,94,,42,0,,
707,5,1:1,2 I3 L5 L4,9,true,640,10,48,6,2,120
708,6,3:3,S4 I5 V5 P5,2,true,1036,505,80,2,0,120
709,6,0:0,P5 V5 U5 N5,63,true,2593,29,17,15,4,120
710,6,1:1,Z5 L4 I4 N5 Y5,0,true,2936,,74,0,,
711,7,0:0,Z5 T5 F5 V5 P5,151,false,7768,270,15,3,7,120
712,7,3:3,O4 I5 F5 U5 Z5 N5,0,true,13658,,130,0,,
713,5,0:1,2 1 T4,151,false,1251,3,9,5,120,120
714,5,0:1,P5 Z5 T5,0,true,75,,21,0,,
715,5,0:0,L3 O4 F5 L5,0,true,160,,12,0,,
716,6,0:0,U5 Z5 F5 V5,92,true,923,10,11,11,11,120
717,6,0:1,F5 X5 Z5 I5,0,true,188,,16,0,,
718,6,0:0,T5 U5 X5 O4 L5,0,true,323,,13,0,,
719,7,0:0,T5 X5 W5 L5 V5,151,false,3756,6,13,5,7,120
720,7,3:3,Y5 S4 V5 T4 L4 F5,151,false,4011,541,164,4,3,120
721,5,0:1,Y5 N5 T5,7,true,119,9,22,6,12,120
722,5,1:1,Y5 Z5 V5,0,true,81,,37,0,,
723,5,0:0,W5 T5 Y5 I5,0,true,22,,10,0,,
724,6,1:1,T5 S4 I4 F5,115,true,2550,26,48,32,14,120
725,6,3:3,W5 X5 N5 P5,34,true,687,14,97,12,3,120
726,6,1:1,Z5 Y5 O4 L5 I5,0,true,750,,58,0,,
727,7,1:1,P5 X5 F5 Y5 T5,151,false,723,32,83,1,5,120
728,7,0:0,L5 N5 P5 T4 L4 I4,151,false,6340,87,26,1,3,120
729,5,0:1,I3 1 V5,67,true,424,3,9,9,107,120
730,5,1:1,X5 N5 W5,0,true,55,,33,0,,
731,5,2:2,T4 L5 V5 N5,0,true,140,,76,0,,
732,6,0:1,P5 Z5 I5 O4,32,true,708,86,22,10,11,120
733,6,0:1,L5 I5 N5 W5,11,true,812,26,27,8,1,120
734,6,3:3,N5 Z5 I4 I5 T4,0,true,650,,78,0,,
735,7,0:1,U5 T5 I5 F5 Y5,151,false,2327,67,31,4,7,120
736,7,0:0,L4 O4 I5 X5 S4 N5,77,true,8970,292,15,11,0,120
737,5,1:1,Y5 V5 N5,0,true,129,,47,0,,
738,5,0:0,U5 Z5 L5,0,true,68,,12,0,,
739,5,2:2,T4 2 P5 V5,0,true,240,,80,0,,
740,6,0:1,L5 N5 W5 T4,151,false,1095,23,29,7,18,120
741,6,0:0,F5 L5 U5 I5,4,true,750,107,14,4,0,120
742,6,0:1,L5 N5 Y5 I4 O4,0,true,2491,,34,0,,
743,7,3:3,Y5 T5 U5 X5 V5,151,false,5482,50,105,35,6,120
744,7,0:0,T5 N5 W5 Y5 I4 P5,45,false,40000,2401,20,10,0,120
745,5,2:2,T5 L5 V5,0,true,72,,56,0,,
746,5,0:1,T5 L5 I5,0,true,37,,17,0,,
747,5,2:2,L4 O4 T5 W5,0,true,92,,76,0,,
748,6,0:0,S4 L5 Z5 T5,39,true,1120,23,12,8,5,120
749,6,0:1,V5 I5 W5 N5,0,true,579,,21,0,,
750,6,0:0,Y5 I4 P5 I5 N5,0,true,722,,18,0,,
751,7,0:0,I5 W5 F5 L5 X5,151,false,2374,7,12,3,4,120
752,7,0:0,O4 F5 X5 S4 N5 I4,92,true,15354,549,11,11,0,120
753,5,1:1,P5 U5 T4,50,true,440,4,52,22,22,120
754,5,2:2,N5 Z5 F5,0,true,84,,84,0,,
755,5,2:2,I3 F5 Z5 S4,0,true,82,,82,0,,
756,6,0:0,F5 S4 U5 Y5,151,false,2832,52,12,9,6,120
757,6,3:3,Y5 U5 Z5 T5,4,true,920,89,92,4,0,120
758,6,0:0,P5 W5 T5 U5 O4,0,true,1767,,15,0,,
759,7,0:0,X5 V5 N5 U5 I5,100,true,3450,20,13,13,6,120
760,7,1:1,T4 T5 N5 O4 Z5 F5,9,false,40000,1934,78,3,0,120
761,5,0:0,T5 W5 U5,0,true,32,,8,0,,
762,5,0:0,X5 Y5 T5,0,true,16,,6,0,,
763,5,0:0,I4 X5 I3 N5,0,true,26,,8,0,,
764,6,0:1,U5 Z5 V5 O4,48,true,1004,4,18,12,7,120
765,6,3:3,Z5 Y5 P5 F5,42,true,2464,6,132,26,3,120
766,6,0:1,F5 P5 X5 I4 I5,0,true,385,,28,0,,
767,7,0:1,T5 Z5 W5 Y5 X5,151,false,2478,33,22,4,5,120
768,7,0:0,I5 W5 V5 F5 L4 L5,8,true,21913,906,21,9,0,120
769,5,0:0,N5 S4 L4,37,true,264,3,12,12,59,120
770,5,0:1,V5 Y5 Z5,0,true,66,,18,0,,
771,5,0:1,I5 F5 U5 I3,0,true,55,,20,0,,
772,6,1:1,W5 N5 X5 I5,0,true,307,,37,0,,
773,6,3:3,V5 Z5 F5 T5,22,true,1088,213,100,4,0,120
774,6,1:1,I5 X5 L5 S4 V5,0,true,387,,46,0,,
775,7,3:3,W5 L5 V5 N5 P5,151,false,1661,58,160,2,14,120
776,7,0:1,I4 V5 P5 L4 T5 I5,0,true,22252,,39,0,,
777,5,0:1,I4 X5 L3,5,true,51,5,10,4,35,120
778,5,0:1,W5 F5 N5,0,true,102,,21,0,,
779,5,0:1,W5 I4 P5 O4,0,true,131,,22,0,,
780,6,1:1,I4 L5 U5 T4,102,true,3216,7,48,30,12,120
781,6,1:1,Z5 Y5 U5 I5,6,true,670,206,46,6,2,120
782,6,0:1,W5 X5 N5 Y5 S4,0,true,792,,28,0,,
783,7,3:3,V5 T5 Y5 X5 Z5,92,true,6661,72,105,53,13,120
784,7,0:0,O4 U5 N5 Y5 I4 P5,148,false,40000,1779,21,14,0,120
785,5,2:2,1 Z5 V5,1,true,97,6,41,8,5,120
786,5,1:1,L5 Y5 N5,0,true,332,,60,0,,
787,5,0:0,W5 T4 N5 L5,0,true,104,,14,0,,
788,6,0:1,T5 I4 V5 P5,43,true,1418,51,25,12,4,120
789,6,0:1,Y5 P5 T5 U5,151,false,2968,8,33,23,4,120
790,6,3:3,P5 I5 T4 N5 X5,0,true,391,,97,0,,
791,7,0:0,Y5 P5 L5 F5 N5,151,false,1372,7,22,1,27,120
792,7,0:0,N5 I4 X5 P5 W5 S4,89,true,26584,201,16,12,0,120
793,5,0:0,S4 L3 P5,120,true,845,4,11,11,99,120
794,5,2:2,X5 W5 T5,0,true,45,,45,0,,
795,5,2:2,L4 T4 Z5 I3,0,true,154,,74,0,,
796,6,0:0,X5 O4 T4 L4,117,true,1055,13,9,9,37,120
797,6,0:1,W5 V5 T5 F5,149,true,1095,4,21,12,9,120
798,6,3:3,X5 Z5 L4 W5 T4,0,true,535,,93,0,,
799,7,3:3,F5 Y5 I5 X5 N5,151,false,7841,30,131,61,4,120
800,7,3:3,Z5 I4 V5 L4 N5 Y5,3,false,40000,1061,160,6,0,120
801,5,2:2,Z5 I5 I4,0,true,34,,26,0,,
802,5,1:1,Y5 T5 F5,0,true,118,,52,0,,
803,5,2:2,W5 I4 U5 X5,0,true,53,,49,0,,
804,6,1:1,L5 W5 Z5 F5,17,true,2150,610,62,15,2,120
805,6,0:0,V5 L5 X5 U5,9,true,359,14,13,8,2,120
806,6,3:3,W5 V5 I4 N5 Z5,0,true,912,,98,0,,
807,7,0:0,I5 W5 P5 U5 Y5,151,false,933,17,18,1,11,120
808,7,0:0,Z5 U5 T4 L5 V5 T5,0,false,40000,,19,0,,
809,5,0:1,I5 V5 1,0,true,20,,8,0,,
810,5,2:2,V5 U5 X5,0,true,49,,45,0,,
811,5,2:2,L4 S4 Y5 U5,0,true,156,,92,0,,
812,6,1:1,O4 F5 I4 S4,151,false,2241,5,42,27,33,120
813,6,3:3,P5 N5 V5 T5,38,true,1502,442,112,14,3,120
814,6,3:3,O4 I5 N5 P5 T5,0,true,822,,100,0,,
815,7,0:0,W5 F5 P5 Z5 Y5,151,false,1726,11,16,1,16,120
816,7,0:1,Y5 U5 W5 T5 O4 I5,0,true,17080,,29,0,,
817,5,0:1,W5 V5 L5,16,true,120,3,20,9,11,120
818,5,0:1,I5 F5 P5,0,true,66,,23,0,,
819,5,0:0,L3 L5 O4 L4,0,true,306,,16,0,,
820,6,0:1,V5 O4 Z5 X5,20,true,281,27,12,6,6,120
821,6,1:1,W5 U5 T5 L5,14,true,1968,20,52,14,1,120
822,6,0:1,P5 Y5 Z5 I4 L5,0,true,2487,,40,0,,
823,7,0:1,W5 F5 U5 Z5 X5,151,false,2688,232,24,3,3,120
824,7,0:0,O4 V5 T4 I4 Z5 T5,8,true,25184,1046,12,10,0,120
825,5,2:2,I4 L4 W5,2,true,168,12,56,16,23,120
826,5,0:0,Y5 T5 V5,2,true,53,5,9,3,10,120
827,5,0:1,V5 I3 O4 1,8,true,145,4,11,5,10,120
828,6,0:1,N5 X5 I4 I5,0,true,178,,16,0,,
829,6,1:1,V5 I5 T5 L5,0,true,481,,41,0,,
830,6,1:1,X5 T5 U5 Y5 T4,0,true,975,,57,0,,
831,7,0:0,Z5 N5 F5 L5 T5,151,false,1695,6,16,1,16,120
832,7,0:1,X5 S4 N5 I5 F5 L4,10,true,20612,7057,37,5,0,120
833,5,2:2,F5 I3 W5,4,true,154,3,66,16,40,120
834,5,1:1,L5 N5 V5,0,true,121,,47,0,,
835,5,0:1,S4 U5 T4 T5,0,true,112,,21,0,,
836,6,3:3,I4 X5 W5 N5,6,true,331,52,63,8,2,120
837,6,1:1,V5 T5 X5 L5,0,true,400,,40,0,,
838,6,3:3,T4 I4 P5 V5 I5,0,true,1086,,86,0,,
839,7,1:1,U5 N5 Z5 W5 Y5,151,false,2212,15,72,1,6,120
840,7,1:1,F5 I5 S4 P5 L4 U5,64,false,40000,311,98,18,0,120
841,5,0:1,2 U5 1,151,false,1413,3,11,11,120,120
842,5,0:0,I5 F5 U5,0,true,24,,8,0,,
843,5,1:1,T4 N5 I3 L4,0,true,578,,56,0,,
844,6,1:1,P5 N5 T5 Y5,128,true,6012,10,78,38,4,120
845,6,3:3,Y5 L5 X5 P5,36,true,759,4,105,20,3,120
846,6,3:3,T5 O4 P5 N5 T4,0,true,1840,,112,0,,
847,7,3:3,W5 I5 N5 U5 V5,79,true,11362,52,106,76,2,120
848,7,0:0,O4 U5 T4 F5 S4 L4,151,false,1676,14,17,1,6,120
849,5,1:1,1 S4 X5,50,true,205,3,16,12,71,120
850,5,0:0,F5 Z5 I5,0,true,10,,6,0,,
851,5,0:0,L3 Y5 Z5 L4,0,true,195,,15,0,,
852,6,1:1,X5 T4 Z5 T5,52,true,663,7,35,11,1,120
853,6,3:3,W5 F5 X5 N5,7,true,579,128,97,10,0,120
854,6,1:1,U5 T4 F5 Y5 P5,0,true,12914,,94,0,,
855,7,0:1,W5 P5 Y5 L5 Z5,151,false,1351,5,41,1,8,120
856,7,0:0,L4 L5 T4 N5 F5 Y5,151,false,29583,244,24,2,0,120
857,5,2:2,T5 L5 W5,0,true,72,,56,0,,
858,5,2:2,Z5 V5 N5,0,true,80,,64,0,,
859,5,1:1,F5 L4 U5 I4,0,true,188,,58,0,,
860,6,3:3,Y5 I4 L5 X5,2,true,363,275,71,2,0,120
861,6,3:3,U5 P5 T5 X5,21,true,501,14,85,8,1,120
862,6,1:1,U5 O4 W5 P5 V5,0,true,3064,,61,0,,
863,7,1:1,F5 N5 V5 Z5 W5,151,false,9060,98,69,6,2,120
864,7,0:0,T4 F5 N5 X5 W5 S4,67,true,32150,1527,12,12,0,120
865,5,0:0,T5 L5 T4,12,true,112,5,10,8,24,120
866,5,1:1,X5 I5 V5,0,true,18,,12,0,,
867,5,0:1,T5 S4 X5 I3,0,true,32,,13,0,,
868,6,1:1,T4 N5 W5 Y5,151,false,2350,14,62,16,10,120
869,6,3:3,I5 X5 P5 Y5,1,true,315,41,81,2,0,120
870,6,0:0,O4 L5 W5 N5 X5,0,true,289,,13,0,,
871,7,3:3,Y5 W5 P5 Z5 X5,151,false,3520,52,125,18,13,120
872,7,0:1,O4 P5 T5 F5 I5 X5,24,true,6334,120,31,6,0,120
873,5,0:0,L5 I5 L3,0,true,35,,11,0,,
874,5,1:1,N5 T5 I5,0,true,68,,32,0,,
875,5,1:1,I4 L5 L3 T4,0,true,292,,48,0,,
876,6,0:1,T5 N5 F5 Y5,25,true,2587,270,30,11,3,120
877,6,1:1,Y5 T5 Z5 F5,0,true,2120,,62,0,,
878,6,3:3,X5 Y5 I4 V5 W5,0,true,407,,83,0,,
879,7,1:1,T5 P5 F5 U5 N5,151,false,1703,20,92,1,4,120
880,7,0:1,N5 T5 S4 U5 I4 T4,151,false,13221,111,33,6,0,120
881,5,0:1,T4 L5 P5,83,true,506,23,29,23,34,120
882,5,0:0,N5 P5 U5,11,true,176,10,14,10,17,120
883,5,2:2,X5 S4 V5 Z5,0,true,61,,61,0,,
884,6,0:0,V5 T5 N5 U5,12,true,933,21,13,9,2,120
885,6,0:1,W5 L5 F5 U5,83,true,2703,26,30,18,5,120
886,6,3:3,L5 V5 O4 I5 Z5,0,true,472,,76,0,,
887,7,1:1,V5 Y5 U5 X5 I5,94,true,5646,17,46,31,4,120
888,7,1:1,Z5 T4 F5 I5 S4 P5,87,false,40000,532,88,11,0,120
889,5,0:1,P5 2 I4,33,true,628,30,19,9,44,120
890,5,0:1,Z5 N5 U5,0,true,83,,20,0,,
891,5,0:0,P5 N5 Y5 1,2,true,527,42,15,4,3,120
892,6,3:3,F5 T5 Y5 L5,30,true,1874,136,120,12,0,120
893,6,0:1,F5 U5 V5 Z5,151,false,1046,10,24,14,10,120
894,6,1:1,I5 W5 F5 X5 S4,0,true,491,,51,0,,
895,7,0:1,Z5 I5 Y5 V5 N5,151,false,3958,12,30,6,3,120
896,7,0:0,N5 T5 S4 T4 X5 W5,12,true,19120,245,12,10,0,120
897,5,1:1,T5 I3 N5,12,true,156,5,34,12,21,120
898,5,2:2,I5 W5 N5,0,true,78,,46,0,,
899,5,0:1,U5 I4 I3 L3,0,true,242,,19,0,,
900,6,0:0,T4 X5 S4 V5,97,true,663,4,7,7,14,120
901,6,0:1,I5 Z5 V5 F5,0,true,440,,20,0,,
902,6,0:1,F5 I4 I5 S4 V5,0,true,571,,24,0,,
903,7,0:0,L5 Z5 I5 T5 F5,151,false,4102,235,14,7,2,120
904,7,3:3,S4 U5 X5 W5 N5 L5,3,true,31797,9484,141,12,0,120
905,5,2:2,Z5 O4 V5,0,true,60,,44,0,,
906,5,2:2,N5 Z5 X5,0,true,49,,49,0,,
907,5,2:2,Y5 T5 N5 W5,0,true,104,,88,0,,
908,6,3:3,T4 I4 I5 F5,17,true,866,33,66,26,2,120
909,6,0:0,W5 L5 I5 V5,6,true,435,61,13,6,4,120
910,6,0:0,O4 L4 P5 W5 Y5,7,true,3480,384,19,8,0,120
911,7,1:1,U5 X5 W5 Z5 I5,61,true,4739,13,39,22,0,120
912,7,1:1,P5 T4 Y5 I5 O4 W5,151,false,20695,196,78,19,0,120
913,5,2:2,O4 I4 Y5,0,true,56,,32,0,,
914,5,1:1,P5 W5 X5,0,true,71,,41,0,,
915,5,1:1,I5 I4 V5 O4,0,true,33,,17,0,,
916,6,1:1,V5 O4 T5 P5,109,true,2617,11,49,26,11,120
917,6,1:1,L5 Y5 U5 W5,36,true,3542,169,62,18,0,120
918,6,1:1,I5 X5 Z5 I4 Y5,0,true,293,,41,0,,
919,7,1:1,V5 U5 Z5 P5 X5,151,false,1023,161,60,2,0,120
920,7,3:3,T5 V5 I5 Z5 N5 U5,0,true,9870,,126,0,,
921,5,0:0,I3 2 Y5,42,true,624,12,8,8,87,120
922,5,2:2,F5 I5 Z5,0,true,62,,62,0,,
923,5,2:2,W5 T4 I3 L4,2,true,322,7,74,8,4,120
924,6,1:1,T4 Y5 I4 F5,151,false,1719,12,58,11,16,120
925,6,3:3,I5 W5 Y5 V5,11,true,654,21,76,7,3,120
926,6,3:3,I5 T5 Z5 S4 P5,0,true,840,,100,0,,
927,7,0:1,L5 V5 Y5 Z5 X5,151,false,1710,43,30,3,5,120
928,7,0:0,P5 X5 T4 Z5 Y5 S4,151,false,27306,261,16,9,0,120
929,5,1:1,V5 O4 T4,9,true,106,19,23,5,13,120
930,5,0:0,V5 W5 P5,0,true,62,,11,0,,
931,5,2:2,T5 I3 I4 F5,0,true,70,,70,0,,
932,6,0:0,Y5 O4 I5 F5,5,true,429,47,9,4,5,120
933,6,3:3,V5 Z5 W5 L5,6,true,800,24,88,6,2,120
934,6,0:1,O4 I4 T5 V5 X5,0,true,293,,15,0,,
935,7,0:1,T5 Z5 Y5 X5 U5,151,false,2175,102,25,3,8,120
936,7,1:1,I5 N5 P5 U5 T4 V5,13,false,40000,10896,83,8,0,120
937,5,1:1,T5 L4 N5,14,true,208,3,50,12,10,120
938,5,1:1,X5 F5 I5,0,true,35,,27,0,,
939,5,1:1,L4 Y5 N5 W5,0,true,246,,70,0,,
940,6,3:3,Y5 O4 T5 W5,26,true,872,16,76,18,4,120
941,6,1:1,U5 F5 V5 T5,46,true,1717,11,51,14,1,120
942,6,1:1,W5 L5 P5 T5 I5,0,true,1216,,72,0,,
943,7,3:3,T5 I5 Y5 N5 P5,151,false,2281,690,146,2,6,120
944,7,0:0,F5 Y5 V5 I4 Z5 U5,0,true,35541,,17,0,,
945,5,2:2,T5 2 O4,7,true,196,3,28,12,49,120
946,5,0:0,P5 N5 F5,1,true,114,3,12,2,0,120
947,5,0:1,1 F5 2 L4,151,false,711,4,23,2,78,120
948,6,0:1,I4 F5 U5 Z5,23,true,1146,8,22,13,3,120
949,6,0:0,F5 I5 X5 Y5,2,true,152,31,8,4,2,120
950,6,3:3,T5 I5 L5 P5 N5,0,true,992,,124,0,,
951,7,1:1,Y5 U5 W5 Z5 V5,151,false,19871,111,59,15,3,120
952,7,0:0,W5 Z5 T5 O4 F5 T4,2,true,39331,4241,11,4,0,120
953,5,1:1,V5 W5 O4,0,true,71,,21,0,,
954,5,0:1,Z5 I5 L5,0,true,37,,17,0,,
955,5,0:0,Y5 P5 V5 L4,0,true,189,,19,0,,
956,6,0:1,U5 Z5 O4 N5,115,true,1508,5,22,16,13,120
957,6,0:1,X5 P5 N5 Z5,30,true,630,4,27,8,1,120
958,6,0:0,Y5 L5 I5 U5 I4,0,true,622,,18,0,,
959,7,3:3,I5 V5 P5 T5 F5,151,false,8520,28,126,51,8,120
960,7,0:0,P5 X5 S4 L4 U5 V5,151,false,22403,24,21,8,0,120
961,5,0:1,L3 Z5 L5,67,true,244,7,21,14,26,120
962,5,0:1,U5 F5 Z5,0,true,53,,19,0,,
963,5,0:1,P5 I3 T5 L3,0,true,296,,26,0,,
964,6,0:0,F5 N5 T4 U5,151,false,1695,4,12,7,19,120
965,6,0:1,L5 U5 N5 X5,29,true,816,9,28,7,0,120
966,6,1:1,L5 X5 U5 T4 N5,0,true,1393,,67,0,,
967,7,0:1,I5 X5 Z5 V5 W5,125,true,2885,89,17,13,6,120
968,7,3:3,Y5 V5 P5 W5 F5 U5,0,false,40000,,180,0,,
969,5,2:2,F5 L4 U5,1,true,124,8,92,8,4,120
970,5,0:1,T5 U5 L5,5,true,112,14,22,5,3,120
971,5,1:1,N5 P5 F5 Y5,0,true,394,,90,0,,
972,6,0:0,L5 I5 O4 P5,9,true,793,17,15,7,3,120
973,6,0:0,P5 T5 N5 L5,48,true,2596,12,18,14,3,120
974,6,0:0,Y5 L5 I5 T5 P5,0,true,836,,20,0,,
975,7,1:1,F5 P5 W5 L5 T5,151,false,1074,33,90,1,11,120
976,7,0:0,P5 W5 L4 N5 T4 I4,151,false,4719,66,22,1,2,120
977,5,1:1,X5 F5 2,20,true,89,3,29,7,12,120
978,5,2:2,W5 Y5 N5,0,true,116,,68,0,,
979,5,0:1,P5 F5 N5 L5,0,true,309,,41,0,,
980,6,1:1,N5 U5 Z5 Y5,38,true,3092,20,62,26,1,120
981,6,1:1,Z5 U5 Y5 F5,25,true,3018,64,64,18,1,120
982,6,1:1,Z5 T4 X5 S4 F5,0,true,1241,,59,0,,
983,7,3:3,Z5 W5 P5 I5 L5,151,false,8978,60,126,41,3,120
984,7,3:3,V5 X5 Z5 U5 L4 F5,0,true,14565,,137,0,,
985,5,1:1,O4 Y5 Z5,7,true,110,5,34,9,17,120
986,5,2:2,P5 N5 T5,1,true,132,67,84,4,1,120
987,5,2:2,N5 T4 X5 2,0,true,57,,49,0,,
988,6,3:3,I4 I5 X5 U5,0,true,111,,35,0,,
989,6,1:1,N5 I5 Z5 X5,0,true,263,,37,0,,
990,6,3:3,X5 T4 L5 F5 L4,0,true,959,,121,0,,
991,7,3:3,U5 V5 Z5 P5 L5,151,false,6349,6,140,17,14,120
992,7,0:0,T4 I4 V5 L5 L4 I5,38,true,23341,430,21,19,0,120
993,5,2:2,V5 X5 W5,0,true,53,,45,0,,
994,5,0:1,X5 L5 I5,0,true,26,,14,0,,
995,5,1:1,F5 I5 P5 2,0,true,138,,56,0,,
996,6,0:0,T4 T5 L4 F5,151,false,450,5,12,1,43,120
997,6,1:1,L5 P5 Y5 Z5,117,true,5292,69,78,42,3,120
998,6,3:3,S4 Z5 N5 T5 I4,0,true,998,,94,0,,
999,7,3:3,Y5 W5 F5 U5 L5,151,false,845,17,160,2,20,120
1000,7,1:1,Y5 I4 W5 L4 T4 S4,151,false,560,6,78,1,2,120
